{"cameraMode":{"drawMode":0,"name":"Shaded","section":"Shading Mode"},"sceneLighting":true,"audioPlay":false,"sceneViewState":{"m_AlwaysRefresh":false,"showFog":true,"showSkybox":true,"showFlares":true,"showImageEffects":true,"showParticleSystems":true,"showVisualEffectGraphs":true,"m_FxEnabled":true},"in2DMode":false,"pivot":{"x":-0.26251092553138735,"y":-5.895988464355469,"z":-0.00647820346057415},"rotation":{"x":-0.008497888222336769,"y":0.8854556083679199,"z":-0.46437031030654909,"w":-0.016204113140702249},"size":4.721092224121094,"orthographic":false}